102-6308-ND	2
1175-1735-ND	1
1276-1099-1-ND	2
1276-2488-1-ND	1
1276-2960-1-ND	2
1276-3107-1-ND	5
1276-6471-1-ND	7
1908-O80-JO32-B-1V3-1-T1-LFCT-ND	1
296-26286-1-ND	1
311-3.30KCRCT-ND	1
478-12790-1-ND	21
478-1324-1-ND	1
497-7267-1-ND	2
732-8077-1-ND	1
A126379CT-ND	1
A129753CT-ND	6
A129757CT-ND	3
A97553-ND	2
ADUM1251ARZ-RL7CT-ND	2
ATTINY84A-SSF-ND	1
BAT54T1GOSDKR-ND	1
LMP91200MT/NOPB-ND	1
MCP1541T-I/TTCT-ND	1
MCP3221A5T-I/OTCT-ND	1
MCP3421A2T-E/CHCT-ND	1
MPX5010DP-ND	1
PI6ULS5V9515AWEXCT-ND	1
RMCF0805FT100K	4
RMCF0805FT10K0	2
RMCF0805FT8K20CT-ND	1
RNCP0805FTD1K00CT-ND	7
RNCP0805FTD20K0CT-ND	1
S1012EC-03-ND	1
S1012EC-04-ND	1
SAM15592-ND	1
